Prob,State Index,Pk,Vector,Birth Probability,Death Probability,Birth State Index,Death State Index
0.0272934040940106,0,0,"[4, 5, 5, 4, 5, 5, 5]",0.0272934040940106,-1.0,0,-1
0.0087187263078089,9,9,"[5, 3, 5, 7, 5, 5, 5]",0.0087187263078089,-1.0,9,-1
0.0053070507960576,15,15,"[7, 5, 5, 4, 4, 5, 5]",0.0053070507960576,0.0007581501137225,15,329
0.0049279757391964,20,20,"[4, 4, 5, 4, 5, 3, 4]",0.0049279757391964,0.0045489006823351,20,28
0.0049279757391964,21,21,"[7, 5, 5, 5, 5, 5, 5]",0.0049279757391964,0.0030326004548901,21,47
0.0034116755117513,43,43,"[4, 6, 5, 5, 5, 8, 4]",0.0034116755117513,0.001516300227445,43,110
0.0030326004548901,48,48,"[6, 5, 5, 5, 8, 5, 5]",0.0030326004548901,0.0007581501137225,48,228
0.0030326004548901,49,49,"[4, 8, 5, 7, 5, 4, 6]",0.0030326004548901,0.0003790750568613,49,979
0.0026535253980288,58,58,"[7, 5, 5, 5, 3, 5, 4]",0.0026535253980288,0.0022744503411676,58,67
0.0022744503411676,74,74,"[4, 5, 5, 4, 6, 4, 5]",0.0022744503411676,0.0007581501137225,74,297
0.0022744503411676,79,79,"[5, 4, 5, 4, 5, 4, 5]",0.0022744503411676,0.0007581501137225,79,284
0.0018953752843063,80,80,"[7, 5, 5, 5, 7, 5, 4]",0.0018953752843063,0.001516300227445,80,111
0.0018953752843063,81,81,"[7, 5, 5, 5, 9, 5, 4]",0.0018953752843063,0.0007581501137225,81,311
0.0018953752843063,82,82,"[5, 3, 4, 8, 5, 5, 5]",0.0018953752843063,0.001516300227445,82,132
0.0018953752843063,84,84,"[4, 6, 5, 5, 5, 6, 3]",0.0018953752843063,0.0018953752843063,84,93
0.0018953752843063,95,95,"[7, 5, 5, 5, 5, 6, 6]",0.0018953752843063,0.001516300227445,95,133
0.0018953752843063,100,100,"[4, 5, 5, 4, 5, 7, 6]",0.0018953752843063,0.001516300227445,100,122
0.0018953752843063,101,101,"[4, 7, 5, 6, 5, 6, 4]",0.0018953752843063,0.0007581501137225,101,229
0.001516300227445,104,104,"[4, 3, 5, 7, 5, 5, 7]",0.001516300227445,0.0007581501137225,104,381
0.001516300227445,113,113,"[7, 5, 5, 4, 4, 6, 6]",0.001516300227445,0.0011372251705838,113,146
0.001516300227445,114,114,"[7, 5, 5, 4, 5, 5, 4]",0.001516300227445,0.001516300227445,114,117
0.001516300227445,121,121,"[4, 5, 5, 4, 5, 6, 3]",0.001516300227445,0.0003790750568613,121,391
0.001516300227445,131,131,"[4, 9, 5, 7, 5, 3, 6]",0.001516300227445,0.0003790750568613,131,738
0.001516300227445,134,134,"[7, 5, 5, 5, 3, 6, 7]",0.001516300227445,0.0011372251705838,134,149
0.001516300227445,136,136,"[5, 3, 4, 8, 6, 6, 6]",0.001516300227445,0.0007581501137225,136,250
0.001516300227445,137,137,"[5, 4, 5, 4, 6, 4, 5]",0.001516300227445,0.0007581501137225,137,232
0.0011372251705838,151,151,"[7, 5, 4, 5, 6, 4, 5]",0.0011372251705838,0.0007581501137225,151,296
0.0011372251705838,155,155,"[6, 5, 5, 4, 3, 4, 6]",0.0011372251705838,0.0007581501137225,155,245
0.0011372251705838,160,160,"[4, 8, 5, 7, 5, 3, 7]",0.0011372251705838,0.0003790750568613,160,738
0.0011372251705838,161,161,"[4, 6, 5, 5, 5, 6, 5]",0.0011372251705838,0.0003790750568613,161,671
0.0011372251705838,168,168,"[6, 5, 5, 5, 7, 4, 5]",0.0011372251705838,0.0007581501137225,168,254
0.0011372251705838,182,182,"[7, 5, 4, 4, 6, 5, 4]",0.0011372251705838,0.0007581501137225,182,314
0.0011372251705838,183,183,"[4, 7, 5, 6, 6, 6, 3]",0.0011372251705838,0.0007581501137225,183,298
0.0011372251705838,187,187,"[6, 5, 5, 5, 7, 5, 4]",0.0011372251705838,0.0007581501137225,187,267
0.0011372251705838,192,192,"[4, 8, 5, 6, 4, 4, 4]",0.0011372251705838,0.0003790750568613,192,596
0.0011372251705838,195,195,"[4, 7, 5, 6, 5, 7, 2]",0.0011372251705838,0.0007581501137225,195,332
0.0011372251705838,206,206,"[5, 5, 5, 4, 6, 4, 5]",0.0011372251705838,0.0007581501137225,206,363
0.0011372251705838,207,207,"[4, 5, 5, 4, 4, 6, 5]",0.0011372251705838,-1.0,207,-1
0.0007581501137225,222,222,"[5, 3, 4, 8, 6, 5, 7]",0.0007581501137225,0.0003790750568613,222,485
0.0007581501137225,224,224,"[4, 9, 5, 8, 5, 2, 5]",0.0007581501137225,0.0003790750568613,224,654
0.0007581501137225,225,225,"[5, 4, 5, 7, 1, 5, 2]",0.0007581501137225,-1.0,225,-1
0.0007581501137225,226,226,"[5, 5, 5, 5, 6, 7, 5]",0.0007581501137225,0.0007581501137225,226,322
0.0007581501137225,237,237,"[5, 4, 5, 6, 5, 5, 4]",0.0007581501137225,0.0007581501137225,237,318
0.0007581501137225,238,238,"[4, 5, 5, 4, 4, 5, 3]",0.0007581501137225,0.0003790750568613,238,845
0.0007581501137225,240,240,"[4, 4, 5, 6, 5, 5, 5]",0.0007581501137225,0.0007581501137225,240,252
0.0007581501137225,242,242,"[4, 3, 5, 7, 5, 4, 6]",0.0007581501137225,0.0007581501137225,242,381
0.0007581501137225,249,249,"[3, 6, 5, 6, 4, 9, 5]",0.0007581501137225,-1.0,249,-1
0.0007581501137225,255,255,"[5, 4, 4, 7, 5, 6, 5]",0.0007581501137225,-1.0,255,-1
0.0007581501137225,256,256,"[5, 3, 5, 8, 6, 6, 5]",0.0007581501137225,0.0007581501137225,256,337
0.0007581501137225,258,258,"[4, 7, 5, 6, 5, 4, 5]",0.0007581501137225,-1.0,258,-1
0.0007581501137225,264,264,"[5, 8, 5, 7, 5, 3, 6]",0.0007581501137225,-1.0,264,-1
0.0007581501137225,268,268,"[7, 5, 9, 7, 4, 5, 4]",0.0007581501137225,-1.0,268,-1
0.0007581501137225,276,276,"[4, 6, 5, 5, 4, 6, 6]",0.0007581501137225,-1.0,276,-1
0.0007581501137225,279,279,"[8, 6, 5, 5, 3, 6, 7]",0.0007581501137225,-1.0,279,-1
0.0007581501137225,286,286,"[6, 5, 5, 6, 2, 5, 4]",0.0007581501137225,0.0003790750568613,286,432
0.0007581501137225,288,288,"[5, 7, 5, 6, 5, 6, 2]",0.0007581501137225,0.0007581501137225,288,305
0.0007581501137225,289,289,"[5, 7, 5, 6, 5, 4, 6]",0.0007581501137225,-1.0,289,-1
0.0007581501137225,291,291,"[4, 7, 5, 6, 4, 5, 4]",0.0007581501137225,0.0007581501137225,291,357
0.0007581501137225,294,294,"[4, 8, 5, 7, 6, 7, 4]",0.0007581501137225,-1.0,294,-1
0.0007581501137225,295,295,"[4, 5, 5, 5, 4, 4, 4]",0.0007581501137225,0.0003790750568613,295,1030
0.0007581501137225,303,303,"[7, 5, 5, 4, 2, 4, 6]",0.0007581501137225,-1.0,303,-1
0.0007581501137225,316,316,"[4, 9, 5, 7, 5, 4, 7]",0.0007581501137225,0.0003790750568613,316,1077
0.0007581501137225,320,320,"[8, 5, 5, 4, 4, 6, 6]",0.0007581501137225,0.0003790750568613,320,643
0.0007581501137225,321,321,"[4, 3, 5, 8, 4, 6, 5]",0.0007581501137225,0.0007581501137225,321,342
0.0007581501137225,323,323,"[5, 8, 5, 7, 5, 4, 4]",0.0007581501137225,-1.0,323,-1
0.0007581501137225,328,328,"[4, 8, 5, 7, 5, 2, 6]",0.0007581501137225,0.0003790750568613,328,796
0.0007581501137225,331,331,"[8, 5, 4, 5, 3, 6, 6]",0.0007581501137225,0.0003790750568613,331,639
0.0007581501137225,334,334,"[4, 5, 5, 4, 4, 6, 3]",0.0007581501137225,-1.0,334,-1
0.0007581501137225,335,335,"[4, 5, 5, 5, 5, 7, 4]",0.0007581501137225,0.0003790750568613,335,449
0.0007581501137225,336,336,"[8, 5, 5, 4, 5, 5, 4]",0.0007581501137225,0.0003790750568613,336,1084
0.0007581501137225,338,338,"[4, 5, 5, 4, 5, 4, 3]",0.0007581501137225,0.0003790750568613,338,845
0.0007581501137225,344,344,"[4, 3, 5, 6, 4, 4, 5]",0.0007581501137225,-1.0,344,-1
0.0007581501137225,345,345,"[5, 5, 5, 5, 5, 6, 4]",0.0007581501137225,0.0003790750568613,345,488
0.0007581501137225,348,348,"[7, 5, 5, 4, 5, 4, 5]",0.0007581501137225,0.0003790750568613,348,739
0.0007581501137225,349,349,"[4, 5, 5, 5, 5, 4, 6]",0.0007581501137225,0.0003790750568613,349,1017
0.0007581501137225,351,351,"[7, 5, 4, 5, 5, 6, 5]",0.0007581501137225,-1.0,351,-1
0.0007581501137225,353,353,"[7, 5, 4, 5, 4, 5, 4]",0.0007581501137225,0.0003790750568613,353,887
0.0007581501137225,356,356,"[7, 5, 5, 5, 5, 6, 4]",0.0007581501137225,0.0007581501137225,356,382
0.0007581501137225,359,359,"[5, 9, 5, 7, 5, 4, 5]",0.0007581501137225,0.0003790750568613,359,945
0.0007581501137225,361,361,"[5, 4, 5, 6, 1, 5, 3]",0.0007581501137225,0.0003790750568613,361,517
0.0007581501137225,362,362,"[4, 7, 5, 6, 5, 8, 6]",0.0007581501137225,0.0003790750568613,362,1060
0.0007581501137225,365,365,"[7, 5, 9, 6, 4, 5, 3]",0.0007581501137225,-1.0,365,-1
0.0007581501137225,369,369,"[5, 4, 5, 6, 5, 6, 6]",0.0007581501137225,0.0003790750568613,369,583
0.0007581501137225,371,371,"[4, 9, 5, 8, 5, 1, 7]",0.0007581501137225,-1.0,371,-1
0.0007581501137225,372,372,"[5, 4, 5, 6, 5, 5, 5]",0.0007581501137225,0.0003790750568613,372,810
0.0007581501137225,377,377,"[5, 5, 5, 4, 6, 6, 3]",0.0007581501137225,0.0003790750568613,377,634
0.0003790750568613,383,383,"[4, 3, 5, 8, 3, 5, 4]",0.0003790750568613,-1.0,383,-1
0.0003790750568613,384,384,"[5, 7, 5, 6, 4, 2, 5]",0.0003790750568613,-1.0,384,-1
0.0003790750568613,385,385,"[5, 4, 5, 4, 4, 5, 6]",0.0003790750568613,0.0003790750568613,385,422
0.0003790750568613,388,388,"[5, 5, 5, 5, 5, 6, 2]",0.0003790750568613,0.0003790750568613,388,749
0.0003790750568613,390,390,"[4, 3, 5, 7, 4, 6, 4]",0.0003790750568613,0.0003790750568613,390,518
0.0003790750568613,392,392,"[4, 4, 5, 7, 4, 5, 4]",0.0003790750568613,-1.0,392,-1
0.0003790750568613,394,394,"[5, 5, 6, 5, 7, 3, 1]",0.0003790750568613,-1.0,394,-1
0.0003790750568613,395,395,"[5, 5, 5, 5, 9, 3, 6]",0.0003790750568613,-1.0,395,-1
0.0003790750568613,396,396,"[5, 5, 5, 4, 5, 6, 3]",0.0003790750568613,0.0003790750568613,396,749
0.0003790750568613,397,397,"[4, 7, 5, 6, 4, 7, 6]",0.0003790750568613,0.0003790750568613,397,854
0.0003790750568613,398,398,"[4, 5, 6, 4, 6, 4, 7]",0.0003790750568613,0.0003790750568613,398,871
0.0003790750568613,403,403,"[4, 2, 5, 8, 4, 5, 4]",0.0003790750568613,-1.0,403,-1
0.0003790750568613,404,404,"[6, 6, 5, 6, 5, 5, 6]",0.0003790750568613,0.0003790750568613,404,756
0.0003790750568613,406,406,"[5, 9, 4, 8, 4, 3, 6]",0.0003790750568613,-1.0,406,-1
0.0003790750568613,407,407,"[7, 5, 4, 5, 2, 5, 6]",0.0003790750568613,0.0003790750568613,407,593
0.0003790750568613,409,409,"[5, 4, 5, 5, 5, 4, 5]",0.0003790750568613,-1.0,409,-1
0.0003790750568613,410,410,"[7, 5, 5, 5, 1, 6, 4]",0.0003790750568613,-1.0,410,-1
0.0003790750568613,411,411,"[4, 8, 5, 6, 5, 3, 3]",0.0003790750568613,-1.0,411,-1
0.0003790750568613,412,412,"[4, 8, 5, 7, 5, 5, 4]",0.0003790750568613,-1.0,412,-1
0.0003790750568613,415,415,"[3, 3, 5, 7, 4, 4, 5]",0.0003790750568613,-1.0,415,-1
0.0003790750568613,419,419,"[5, 3, 5, 7, 5, 7, 3]",0.0003790750568613,-1.0,419,-1
0.0003790750568613,423,423,"[4, 5, 5, 5, 5, 4, 7]",0.0003790750568613,-1.0,423,-1
0.0003790750568613,424,424,"[5, 7, 5, 6, 5, 5, 4]",0.0003790750568613,0.0003790750568613,424,976
0.0003790750568613,425,425,"[5, 8, 5, 6, 5, 3, 5]",0.0003790750568613,-1.0,425,-1
0.0003790750568613,427,427,"[5, 3, 5, 9, 6, 6, 7]",0.0003790750568613,0.0003790750568613,427,690
0.0003790750568613,428,428,"[5, 9, 5, 7, 5, 2, 6]",0.0003790750568613,-1.0,428,-1
0.0003790750568613,429,429,"[4, 8, 5, 7, 5, 2, 4]",0.0003790750568613,0.0003790750568613,429,443
0.0003790750568613,431,431,"[7, 7, 5, 6, 3, 4, 7]",0.0003790750568613,-1.0,431,-1
0.0003790750568613,435,435,"[6, 5, 5, 6, 2, 4, 3]",0.0003790750568613,0.0003790750568613,435,880
0.0003790750568613,436,436,"[5, 3, 4, 9, 5, 5, 7]",0.0003790750568613,0.0003790750568613,436,993
0.0003790750568613,438,438,"[7, 5, 5, 4, 4, 6, 8]",0.0003790750568613,0.0003790750568613,438,551
0.0003790750568613,439,439,"[4, 8, 5, 7, 4, 4, 7]",0.0003790750568613,0.0003790750568613,439,514
0.0003790750568613,440,440,"[4, 8, 5, 6, 5, 4, 7]",0.0003790750568613,-1.0,440,-1
0.0003790750568613,442,442,"[5, 5, 5, 5, 5, 7, 3]",0.0003790750568613,0.0003790750568613,442,749
0.0003790750568613,446,446,"[4, 9, 5, 7, 4, 3, 8]",0.0003790750568613,0.0003790750568613,446,653
0.0003790750568613,447,447,"[5, 5, 5, 5, 7, 6, 5]",0.0003790750568613,0.0003790750568613,447,539
0.0003790750568613,448,448,"[4, 7, 5, 5, 5, 9, 3]",0.0003790750568613,0.0003790750568613,448,827
0.0003790750568613,452,452,"[7, 5, 5, 5, 7, 5, 6]",0.0003790750568613,0.0003790750568613,452,607
0.0003790750568613,453,453,"[4, 5, 5, 4, 7, 7, 9]",0.0003790750568613,-1.0,453,-1
0.0003790750568613,455,455,"[6, 5, 7, 5, 9, 4, 5]",0.0003790750568613,-1.0,455,-1
0.0003790750568613,456,456,"[7, 5, 9, 7, 7, 6, 9]",0.0003790750568613,-1.0,456,-1
0.0003790750568613,457,457,"[7, 5, 5, 5, 3, 5, 8]",0.0003790750568613,0.0003790750568613,457,547
0.0003790750568613,458,458,"[6, 5, 5, 4, 3, 5, 5]",0.0003790750568613,-1.0,458,-1
0.0003790750568613,459,459,"[4, 5, 6, 7, 2, 4, 6]",0.0003790750568613,-1.0,459,-1
0.0003790750568613,462,462,"[5, 4, 4, 7, 5, 4, 4]",0.0003790750568613,0.0003790750568613,462,685
0.0003790750568613,464,464,"[7, 5, 9, 6, 4, 4, 5]",0.0003790750568613,-1.0,464,-1
0.0003790750568613,465,465,"[4, 9, 5, 7, 4, 1, 5]",0.0003790750568613,0.0003790750568613,465,765
0.0003790750568613,467,467,"[4, 8, 5, 7, 5, 6, 6]",0.0003790750568613,0.0003790750568613,467,1093
0.0003790750568613,468,468,"[6, 5, 9, 8, 7, 3, 5]",0.0003790750568613,-1.0,468,-1
0.0003790750568613,469,469,"[3, 3, 5, 8, 3, 5, 5]",0.0003790750568613,-1.0,469,-1
0.0003790750568613,473,473,"[4, 7, 5, 5, 3, 5, 6]",0.0003790750568613,-1.0,473,-1
0.0003790750568613,474,474,"[5, 7, 5, 6, 4, 3, 3]",0.0003790750568613,-1.0,474,-1
0.0003790750568613,475,475,"[7, 5, 5, 4, 6, 5, 2]",0.0003790750568613,-1.0,475,-1
0.0003790750568613,477,477,"[7, 5, 5, 5, 9, 4, 5]",0.0003790750568613,0.0003790750568613,477,490
0.0003790750568613,479,479,"[5, 8, 4, 7, 6, 5, 5]",0.0003790750568613,-1.0,479,-1
0.0003790750568613,482,482,"[4, 5, 5, 5, 5, 7, 3]",0.0003790750568613,0.0003790750568613,482,703
0.0003790750568613,483,483,"[4, 3, 5, 8, 6, 5, 6]",0.0003790750568613,-1.0,483,-1
0.0003790750568613,484,484,"[5, 5, 5, 5, 6, 7, 9]",0.0003790750568613,-1.0,484,-1
0.0003790750568613,486,486,"[7, 5, 4, 5, 7, 7, 6]",0.0003790750568613,-1.0,486,-1
0.0003790750568613,487,487,"[4, 8, 5, 7, 4, 6, 5]",0.0003790750568613,0.0003790750568613,487,755
0.0003790750568613,489,489,"[6, 5, 5, 6, 1, 5, 2]",0.0003790750568613,0.0003790750568613,489,1051
0.0003790750568613,491,491,"[5, 5, 5, 5, 7, 7, 6]",0.0003790750568613,0.0003790750568613,491,1127
0.0003790750568613,492,492,"[5, 8, 5, 6, 4, 4, 6]",0.0003790750568613,-1.0,492,-1
0.0003790750568613,494,494,"[7, 6, 5, 5, 7, 6, 6]",0.0003790750568613,0.0003790750568613,494,781
0.0003790750568613,495,495,"[5, 6, 5, 6, 5, 7, 6]",0.0003790750568613,-1.0,495,-1
0.0003790750568613,496,496,"[4, 5, 6, 6, 2, 2, 4]",0.0003790750568613,-1.0,496,-1
0.0003790750568613,497,497,"[4, 3, 5, 7, 3, 4, 4]",0.0003790750568613,-1.0,497,-1
0.0003790750568613,498,498,"[4, 8, 5, 6, 5, 3, 6]",0.0003790750568613,-1.0,498,-1
0.0003790750568613,499,499,"[4, 9, 5, 7, 4, 2, 4]",0.0003790750568613,0.0003790750568613,499,743
0.0003790750568613,500,500,"[4, 6, 5, 8, 5, 6, 4]",0.0003790750568613,-1.0,500,-1
0.0003790750568613,502,502,"[7, 5, 4, 6, 9, 4, 5]",0.0003790750568613,-1.0,502,-1
0.0003790750568613,504,504,"[5, 8, 5, 7, 6, 2, 6]",0.0003790750568613,-1.0,504,-1
0.0003790750568613,509,509,"[5, 6, 5, 6, 6, 7, 2]",0.0003790750568613,-1.0,509,-1
0.0003790750568613,510,510,"[7, 6, 5, 5, 3, 5, 7]",0.0003790750568613,0.0003790750568613,510,547
0.0003790750568613,512,512,"[6, 5, 5, 6, 4, 5, 4]",0.0003790750568613,-1.0,512,-1
0.0003790750568613,516,516,"[4, 9, 5, 7, 4, 2, 7]",0.0003790750568613,0.0003790750568613,516,653
0.0003790750568613,519,519,"[7, 5, 5, 4, 5, 6, 9]",0.0003790750568613,-1.0,519,-1
0.0003790750568613,521,521,"[4, 5, 6, 4, 5, 4, 4]",0.0003790750568613,0.0003790750568613,521,636
0.0003790750568613,523,523,"[7, 5, 5, 4, 6, 5, 4]",0.0003790750568613,-1.0,523,-1
0.0003790750568613,525,525,"[4, 4, 6, 4, 4, 5, 5]",0.0003790750568613,-1.0,525,-1
0.0003790750568613,528,528,"[3, 6, 5, 4, 4, 7, 3]",0.0003790750568613,0.0003790750568613,528,696
0.0003790750568613,531,531,"[5, 9, 4, 8, 5, 1, 9]",0.0003790750568613,-1.0,531,-1
0.0003790750568613,537,537,"[4, 6, 5, 5, 4, 6, 3]",0.0003790750568613,0.0003790750568613,537,631
0.0003790750568613,538,538,"[4, 6, 5, 5, 6, 7, 6]",0.0003790750568613,0.0003790750568613,538,932
0.0003790750568613,540,540,"[4, 7, 5, 8, 3, 3, 5]",0.0003790750568613,-1.0,540,-1
0.0003790750568613,542,542,"[4, 6, 7, 5, 5, 8, 4]",0.0003790750568613,-1.0,542,-1
0.0003790750568613,545,545,"[7, 6, 5, 5, 2, 6, 6]",0.0003790750568613,-1.0,545,-1
0.0003790750568613,549,549,"[4, 6, 5, 6, 4, 5, 6]",0.0003790750568613,-1.0,549,-1
0.0003790750568613,554,554,"[6, 4, 5, 6, 2, 4, 2]",0.0003790750568613,0.0003790750568613,554,947
0.0003790750568613,555,555,"[4, 6, 5, 6, 5, 6, 7]",0.0003790750568613,-1.0,555,-1
0.0003790750568613,558,558,"[5, 3, 5, 8, 4, 5, 6]",0.0003790750568613,-1.0,558,-1
0.0003790750568613,561,561,"[8, 5, 4, 5, 4, 5, 7]",0.0003790750568613,-1.0,561,-1
0.0003790750568613,564,564,"[7, 6, 5, 5, 4, 5, 6]",0.0003790750568613,-1.0,564,-1
0.0003790750568613,565,565,"[6, 5, 7, 6, 9, 4, 4]",0.0003790750568613,-1.0,565,-1
0.0003790750568613,567,567,"[7, 5, 9, 7, 4, 6, 6]",0.0003790750568613,-1.0,567,-1
0.0003790750568613,569,569,"[7, 6, 5, 6, 9, 3, 3]",0.0003790750568613,-1.0,569,-1
0.0003790750568613,570,570,"[4, 8, 4, 8, 4, 3, 7]",0.0003790750568613,-1.0,570,-1
0.0003790750568613,572,572,"[7, 5, 4, 5, 3, 7, 6]",0.0003790750568613,0.0003790750568613,572,639
0.0003790750568613,575,575,"[6, 5, 5, 4, 5, 4, 2]",0.0003790750568613,-1.0,575,-1
0.0003790750568613,576,576,"[7, 5, 5, 6, 5, 5, 6]",0.0003790750568613,0.0003790750568613,576,741
0.0003790750568613,577,577,"[6, 5, 5, 6, 7, 5, 2]",0.0003790750568613,-1.0,577,-1
0.0003790750568613,578,578,"[5, 5, 5, 4, 4, 4, 2]",0.0003790750568613,-1.0,578,-1
0.0003790750568613,579,579,"[4, 9, 5, 7, 4, 1, 8]",0.0003790750568613,-1.0,579,-1
0.0003790750568613,580,580,"[5, 6, 5, 6, 4, 8, 5]",0.0003790750568613,-1.0,580,-1
0.0003790750568613,581,581,"[5, 8, 4, 7, 6, 4, 7]",0.0003790750568613,-1.0,581,-1
0.0003790750568613,588,588,"[5, 3, 5, 7, 6, 7, 5]",0.0003790750568613,-1.0,588,-1
0.0003790750568613,589,589,"[4, 7, 5, 6, 4, 3, 5]",0.0003790750568613,-1.0,589,-1
0.0003790750568613,590,590,"[5, 8, 5, 7, 4, 3, 5]",0.0003790750568613,0.0003790750568613,590,820
0.0003790750568613,591,591,"[4, 5, 5, 5, 4, 6, 5]",0.0003790750568613,-1.0,591,-1
0.0003790750568613,592,592,"[3, 5, 5, 4, 3, 7, 5]",0.0003790750568613,-1.0,592,-1
0.0003790750568613,597,597,"[7, 6, 5, 5, 4, 5, 8]",0.0003790750568613,-1.0,597,-1
0.0003790750568613,599,599,"[6, 6, 5, 5, 4, 5, 5]",0.0003790750568613,-1.0,599,-1
0.0003790750568613,602,602,"[6, 4, 4, 7, 6, 5, 4]",0.0003790750568613,-1.0,602,-1
0.0003790750568613,604,604,"[3, 4, 5, 4, 4, 5, 4]",0.0003790750568613,0.0003790750568613,604,732
0.0003790750568613,608,608,"[4, 5, 5, 5, 6, 8, 6]",0.0003790750568613,0.0003790750568613,608,877
0.0003790750568613,609,609,"[5, 7, 5, 6, 5, 5, 5]",0.0003790750568613,-1.0,609,-1
0.0003790750568613,610,610,"[4, 9, 5, 7, 6, 3, 8]",0.0003790750568613,-1.0,610,-1
0.0003790750568613,612,612,"[4, 8, 5, 7, 5, 6, 3]",0.0003790750568613,-1.0,612,-1
0.0003790750568613,613,613,"[4, 8, 5, 6, 5, 5, 5]",0.0003790750568613,-1.0,613,-1
0.0003790750568613,614,614,"[4, 7, 5, 6, 5, 4, 4]",0.0003790750568613,0.0003790750568613,614,961
0.0003790750568613,615,615,"[3, 5, 5, 5, 4, 6, 4]",0.0003790750568613,-1.0,615,-1
0.0003790750568613,616,616,"[4, 5, 5, 6, 5, 7, 5]",0.0003790750568613,-1.0,616,-1
0.0003790750568613,618,618,"[8, 6, 7, 5, 4, 6, 5]",0.0003790750568613,-1.0,618,-1
0.0003790750568613,619,619,"[7, 6, 5, 5, 8, 6, 4]",0.0003790750568613,0.0003790750568613,619,1105
0.0003790750568613,620,620,"[4, 6, 5, 5, 4, 4, 3]",0.0003790750568613,0.0003790750568613,620,631
0.0003790750568613,622,622,"[4, 7, 5, 6, 4, 5, 7]",0.0003790750568613,-1.0,622,-1
0.0003790750568613,623,623,"[5, 6, 5, 4, 5, 4, 2]",0.0003790750568613,-1.0,623,-1
0.0003790750568613,624,624,"[3, 6, 5, 5, 5, 9, 9]",0.0003790750568613,-1.0,624,-1
0.0003790750568613,625,625,"[4, 6, 5, 6, 5, 5, 4]",0.0003790750568613,-1.0,625,-1
0.0003790750568613,628,628,"[4, 5, 6, 4, 4, 4, 5]",0.0003790750568613,0.0003790750568613,628,636
0.0003790750568613,629,629,"[4, 7, 5, 6, 4, 6, 5]",0.0003790750568613,0.0003790750568613,629,671
0.0003790750568613,637,637,"[4, 3, 5, 8, 5, 4, 6]",0.0003790750568613,-1.0,637,-1
0.0003790750568613,641,641,"[5, 7, 5, 6, 5, 8, 5]",0.0003790750568613,-1.0,641,-1
0.0003790750568613,642,642,"[5, 8, 5, 7, 5, 2, 5]",0.0003790750568613,-1.0,642,-1
0.0003790750568613,644,644,"[5, 3, 4, 8, 5, 4, 8]",0.0003790750568613,-1.0,644,-1
0.0003790750568613,645,645,"[3, 2, 5, 8, 3, 5, 3]",0.0003790750568613,-1.0,645,-1
0.0003790750568613,647,647,"[5, 4, 5, 5, 5, 4, 4]",0.0003790750568613,-1.0,647,-1
0.0003790750568613,648,648,"[3, 8, 5, 7, 4, 3, 5]",0.0003790750568613,0.0003790750568613,648,820
0.0003790750568613,651,651,"[4, 5, 5, 5, 6, 4, 3]",0.0003790750568613,-1.0,651,-1
0.0003790750568613,652,652,"[7, 5, 5, 6, 2, 5, 3]",0.0003790750568613,0.0003790750568613,652,880
0.0003790750568613,655,655,"[7, 5, 4, 3, 3, 4, 6]",0.0003790750568613,-1.0,655,-1
0.0003790750568613,656,656,"[4, 3, 4, 7, 6, 6, 6]",0.0003790750568613,-1.0,656,-1
0.0003790750568613,657,657,"[5, 3, 5, 7, 6, 4, 5]",0.0003790750568613,0.0003790750568613,657,702
0.0003790750568613,660,660,"[5, 3, 4, 7, 5, 5, 3]",0.0003790750568613,0.0003790750568613,660,971
0.0003790750568613,661,661,"[5, 6, 5, 5, 8, 4, 5]",0.0003790750568613,-1.0,661,-1
0.0003790750568613,662,662,"[4, 6, 5, 5, 4, 6, 5]",0.0003790750568613,-1.0,662,-1
0.0003790750568613,663,663,"[4, 9, 5, 7, 5, 4, 5]",0.0003790750568613,0.0003790750568613,663,1077
0.0003790750568613,665,665,"[5, 3, 4, 8, 5, 7, 7]",0.0003790750568613,-1.0,665,-1
0.0003790750568613,666,666,"[4, 6, 5, 5, 5, 7, 1]",0.0003790750568613,-1.0,666,-1
0.0003790750568613,669,669,"[8, 5, 4, 4, 6, 4, 3]",0.0003790750568613,-1.0,669,-1
0.0003790750568613,672,672,"[6, 4, 5, 7, 4, 5, 3]",0.0003790750568613,-1.0,672,-1
0.0003790750568613,673,673,"[6, 5, 5, 6, 7, 5, 5]",0.0003790750568613,-1.0,673,-1
0.0003790750568613,674,674,"[7, 4, 5, 5, 4, 4, 4]",0.0003790750568613,0.0003790750568613,674,1047
0.0003790750568613,675,675,"[7, 5, 4, 4, 2, 5, 6]",0.0003790750568613,-1.0,675,-1
0.0003790750568613,676,676,"[8, 5, 5, 5, 6, 5, 7]",0.0003790750568613,-1.0,676,-1
0.0003790750568613,678,678,"[4, 5, 6, 4, 5, 5, 5]",0.0003790750568613,-1.0,678,-1
0.0003790750568613,679,679,"[7, 5, 5, 6, 2, 6, 6]",0.0003790750568613,-1.0,679,-1
0.0003790750568613,680,680,"[7, 5, 4, 4, 5, 5, 4]",0.0003790750568613,0.0003790750568613,680,1064
0.0003790750568613,681,681,"[7, 5, 4, 5, 5, 6, 4]",0.0003790750568613,-1.0,681,-1
0.0003790750568613,682,682,"[5, 3, 4, 7, 4, 5, 5]",0.0003790750568613,0.0003790750568613,682,907
0.0003790750568613,684,684,"[7, 5, 5, 4, 5, 6, 4]",0.0003790750568613,-1.0,684,-1
0.0003790750568613,686,686,"[6, 5, 4, 6, 7, 5, 4]",0.0003790750568613,-1.0,686,-1
0.0003790750568613,689,689,"[4, 7, 5, 5, 5, 9, 5]",0.0003790750568613,0.0003790750568613,689,920
0.0003790750568613,691,691,"[5, 4, 5, 4, 6, 5, 5]",0.0003790750568613,-1.0,691,-1
0.0003790750568613,694,694,"[7, 5, 5, 5, 8, 5, 2]",0.0003790750568613,-1.0,694,-1
0.0003790750568613,695,695,"[5, 8, 5, 7, 5, 4, 7]",0.0003790750568613,-1.0,695,-1
0.0003790750568613,700,700,"[5, 4, 5, 6, 5, 4, 6]",0.0003790750568613,-1.0,700,-1
0.0003790750568613,709,709,"[5, 2, 4, 9, 5, 6, 5]",0.0003790750568613,-1.0,709,-1
0.0003790750568613,710,710,"[5, 8, 5, 7, 4, 2, 4]",0.0003790750568613,0.0003790750568613,710,1095
0.0003790750568613,712,712,"[3, 6, 6, 6, 4, 8, 6]",0.0003790750568613,-1.0,712,-1
0.0003790750568613,713,713,"[8, 5, 5, 4, 7, 5, 4]",0.0003790750568613,-1.0,713,-1
0.0003790750568613,714,714,"[7, 5, 5, 5, 5, 4, 6]",0.0003790750568613,0.0003790750568613,714,1019
0.0003790750568613,715,715,"[4, 4, 5, 7, 1, 5, 5]",0.0003790750568613,-1.0,715,-1
0.0003790750568613,724,724,"[5, 7, 5, 5, 7, 6, 4]",0.0003790750568613,-1.0,724,-1
0.0003790750568613,725,725,"[5, 5, 5, 4, 7, 6, 6]",0.0003790750568613,0.0003790750568613,725,1013
0.0003790750568613,729,729,"[7, 6, 5, 5, 4, 5, 7]",0.0003790750568613,-1.0,729,-1
0.0003790750568613,731,731,"[5, 9, 4, 7, 5, 4, 6]",0.0003790750568613,-1.0,731,-1
0.0003790750568613,734,734,"[5, 6, 9, 6, 4, 5, 2]",0.0003790750568613,-1.0,734,-1
0.0003790750568613,735,735,"[4, 7, 5, 6, 4, 4, 6]",0.0003790750568613,-1.0,735,-1
0.0003790750568613,737,737,"[4, 6, 5, 5, 5, 6, 6]",0.0003790750568613,0.0003790750568613,737,932
0.0003790750568613,740,740,"[4, 7, 5, 6, 5, 8, 4]",0.0003790750568613,0.0003790750568613,740,953
0.0003790750568613,742,742,"[5, 7, 5, 6, 5, 6, 5]",0.0003790750568613,0.0003790750568613,742,976
0.0003790750568613,744,744,"[4, 9, 5, 7, 5, 5, 5]",0.0003790750568613,-1.0,744,-1
0.0003790750568613,745,745,"[7, 5, 5, 6, 4, 5, 5]",0.0003790750568613,0.0003790750568613,745,797
0.0003790750568613,746,746,"[4, 8, 5, 7, 6, 2, 9]",0.0003790750568613,-1.0,746,-1
0.0003790750568613,750,750,"[3, 5, 5, 4, 3, 4, 3]",0.0003790750568613,-1.0,750,-1
0.0003790750568613,753,753,"[7, 5, 5, 4, 6, 4, 6]",0.0003790750568613,-1.0,753,-1
0.0003790750568613,754,754,"[6, 5, 5, 5, 7, 3, 4]",0.0003790750568613,-1.0,754,-1
0.0003790750568613,758,758,"[4, 6, 5, 4, 5, 5, 4]",0.0003790750568613,-1.0,758,-1
0.0003790750568613,760,760,"[5, 9, 5, 8, 6, 2, 6]",0.0003790750568613,-1.0,760,-1
0.0003790750568613,762,762,"[4, 4, 5, 7, 3, 7, 4]",0.0003790750568613,-1.0,762,-1
0.0003790750568613,766,766,"[8, 5, 5, 4, 4, 5, 2]",0.0003790750568613,-1.0,766,-1
0.0003790750568613,768,768,"[4, 5, 6, 6, 3, 3, 7]",0.0003790750568613,-1.0,768,-1
0.0003790750568613,769,769,"[7, 5, 4, 5, 5, 5, 7]",0.0003790750568613,0.0003790750568613,769,886
0.0003790750568613,771,771,"[4, 4, 5, 6, 4, 5, 5]",0.0003790750568613,-1.0,771,-1
0.0003790750568613,772,772,"[5, 5, 5, 4, 6, 6, 4]",0.0003790750568613,-1.0,772,-1
0.0003790750568613,774,774,"[6, 5, 5, 6, 1, 6, 4]",0.0003790750568613,-1.0,774,-1
0.0003790750568613,777,777,"[7, 5, 4, 4, 3, 4, 7]",0.0003790750568613,-1.0,777,-1
0.0003790750568613,779,779,"[7, 6, 5, 5, 9, 5, 5]",0.0003790750568613,0.0003790750568613,779,1126
0.0003790750568613,785,785,"[5, 7, 5, 6, 6, 6, 4]",0.0003790750568613,0.0003790750568613,785,976
0.0003790750568613,787,787,"[4, 6, 5, 4, 4, 5, 5]",0.0003790750568613,-1.0,787,-1
0.0003790750568613,788,788,"[4, 6, 6, 5, 4, 9, 7]",0.0003790750568613,-1.0,788,-1
0.0003790750568613,790,790,"[6, 6, 8, 6, 9, 4, 3]",0.0003790750568613,-1.0,790,-1
0.0003790750568613,794,794,"[6, 5, 5, 6, 6, 5, 3]",0.0003790750568613,-1.0,794,-1
0.0003790750568613,795,795,"[5, 5, 5, 4, 5, 4, 1]",0.0003790750568613,-1.0,795,-1
0.0003790750568613,800,800,"[8, 6, 5, 4, 5, 5, 6]",0.0003790750568613,-1.0,800,-1
0.0003790750568613,801,801,"[5, 3, 4, 7, 6, 6, 5]",0.0003790750568613,0.0003790750568613,801,1069
0.0003790750568613,804,804,"[5, 8, 5, 6, 3, 3, 4]",0.0003790750568613,-1.0,804,-1
0.0003790750568613,806,806,"[5, 6, 5, 5, 9, 5, 4]",0.0003790750568613,-1.0,806,-1
0.0003790750568613,807,807,"[5, 5, 5, 6, 1, 5, 4]",0.0003790750568613,-1.0,807,-1
0.0003790750568613,811,811,"[4, 6, 5, 5, 7, 7, 9]",0.0003790750568613,-1.0,811,-1
0.0003790750568613,812,812,"[7, 5, 9, 6, 3, 7, 4]",0.0003790750568613,-1.0,812,-1
0.0003790750568613,813,813,"[5, 9, 5, 8, 5, 5, 6]",0.0003790750568613,-1.0,813,-1
0.0003790750568613,814,814,"[8, 6, 5, 4, 4, 6, 7]",0.0003790750568613,-1.0,814,-1
0.0003790750568613,815,815,"[7, 5, 5, 4, 6, 6, 5]",0.0003790750568613,-1.0,815,-1
0.0003790750568613,816,816,"[5, 4, 5, 6, 5, 6, 5]",0.0003790750568613,-1.0,816,-1
0.0003790750568613,819,819,"[4, 5, 5, 5, 5, 3, 2]",0.0003790750568613,-1.0,819,-1
0.0003790750568613,821,821,"[6, 4, 4, 6, 5, 5, 4]",0.0003790750568613,-1.0,821,-1
0.0003790750568613,822,822,"[5, 5, 5, 4, 6, 8, 6]",0.0003790750568613,0.0003790750568613,822,877
0.0003790750568613,823,823,"[5, 5, 6, 4, 6, 5, 6]",0.0003790750568613,-1.0,823,-1
0.0003790750568613,825,825,"[4, 9, 4, 8, 6, 3, 7]",0.0003790750568613,-1.0,825,-1
0.0003790750568613,830,830,"[7, 5, 9, 8, 7, 5, 9]",0.0003790750568613,-1.0,830,-1
0.0003790750568613,831,831,"[6, 5, 5, 5, 9, 4, 6]",0.0003790750568613,-1.0,831,-1
0.0003790750568613,832,832,"[7, 5, 4, 5, 4, 5, 6]",0.0003790750568613,-1.0,832,-1
0.0003790750568613,834,834,"[7, 5, 5, 5, 2, 6, 3]",0.0003790750568613,-1.0,834,-1
0.0003790750568613,835,835,"[7, 5, 4, 6, 5, 5, 6]",0.0003790750568613,-1.0,835,-1
0.0003790750568613,838,838,"[5, 4, 5, 6, 6, 5, 4]",0.0003790750568613,-1.0,838,-1
0.0003790750568613,841,841,"[8, 5, 5, 5, 3, 7, 7]",0.0003790750568613,-1.0,841,-1
0.0003790750568613,846,846,"[7, 5, 4, 5, 1, 5, 3]",0.0003790750568613,-1.0,846,-1
0.0003790750568613,847,847,"[5, 8, 4, 7, 5, 1, 4]",0.0003790750568613,-1.0,847,-1
0.0003790750568613,848,848,"[6, 5, 5, 4, 3, 4, 5]",0.0003790750568613,-1.0,848,-1
0.0003790750568613,849,849,"[4, 8, 5, 8, 4, 3, 6]",0.0003790750568613,-1.0,849,-1
0.0003790750568613,855,855,"[4, 6, 5, 5, 4, 5, 4]",0.0003790750568613,0.0003790750568613,855,1030
0.0003790750568613,857,857,"[5, 5, 5, 4, 8, 6, 9]",0.0003790750568613,-1.0,857,-1
0.0003790750568613,858,858,"[3, 6, 5, 4, 4, 8, 5]",0.0003790750568613,-1.0,858,-1
0.0003790750568613,859,859,"[3, 6, 5, 5, 5, 8, 4]",0.0003790750568613,-1.0,859,-1
0.0003790750568613,861,861,"[4, 6, 5, 5, 5, 5, 4]",0.0003790750568613,0.0003790750568613,861,1042
0.0003790750568613,862,862,"[6, 5, 5, 5, 9, 5, 7]",0.0003790750568613,-1.0,862,-1
0.0003790750568613,863,863,"[5, 4, 5, 6, 5, 5, 6]",0.0003790750568613,-1.0,863,-1
0.0003790750568613,864,864,"[5, 4, 9, 7, 3, 8, 4]",0.0003790750568613,-1.0,864,-1
0.0003790750568613,865,865,"[3, 8, 5, 7, 3, 5, 9]",0.0003790750568613,-1.0,865,-1
0.0003790750568613,866,866,"[6, 6, 5, 5, 7, 5, 5]",0.0003790750568613,0.0003790750568613,866,972
0.0003790750568613,867,867,"[5, 4, 5, 6, 6, 5, 3]",0.0003790750568613,-1.0,867,-1
0.0003790750568613,868,868,"[6, 5, 5, 4, 4, 5, 7]",0.0003790750568613,-1.0,868,-1
0.0003790750568613,872,872,"[4, 5, 5, 4, 4, 8, 4]",0.0003790750568613,-1.0,872,-1
0.0003790750568613,874,874,"[6, 4, 5, 7, 6, 4, 4]",0.0003790750568613,-1.0,874,-1
0.0003790750568613,876,876,"[7, 5, 9, 6, 5, 5, 4]",0.0003790750568613,-1.0,876,-1
0.0003790750568613,882,882,"[5, 9, 4, 7, 4, 4, 3]",0.0003790750568613,-1.0,882,-1
0.0003790750568613,883,883,"[5, 4, 5, 6, 4, 6, 6]",0.0003790750568613,-1.0,883,-1
0.0003790750568613,884,884,"[5, 4, 5, 5, 5, 5, 4]",0.0003790750568613,-1.0,884,-1
0.0003790750568613,891,891,"[4, 9, 5, 8, 3, 4, 7]",0.0003790750568613,-1.0,891,-1
0.0003790750568613,893,893,"[5, 2, 5, 9, 5, 5, 6]",0.0003790750568613,-1.0,893,-1
0.0003790750568613,894,894,"[3, 5, 6, 5, 4, 6, 6]",0.0003790750568613,-1.0,894,-1
0.0003790750568613,896,896,"[8, 5, 4, 4, 3, 6, 4]",0.0003790750568613,-1.0,896,-1
0.0003790750568613,898,898,"[3, 6, 5, 6, 4, 4, 5]",0.0003790750568613,-1.0,898,-1
0.0003790750568613,899,899,"[5, 5, 5, 4, 6, 4, 7]",0.0003790750568613,-1.0,899,-1
0.0003790750568613,902,902,"[7, 5, 4, 5, 4, 7, 6]",0.0003790750568613,-1.0,902,-1
0.0003790750568613,905,905,"[4, 4, 5, 7, 1, 4, 2]",0.0003790750568613,-1.0,905,-1
0.0003790750568613,908,908,"[4, 9, 4, 8, 5, 3, 6]",0.0003790750568613,-1.0,908,-1
0.0003790750568613,909,909,"[4, 7, 5, 6, 5, 4, 2]",0.0003790750568613,-1.0,909,-1
0.0003790750568613,910,910,"[5, 4, 5, 6, 6, 5, 6]",0.0003790750568613,-1.0,910,-1
0.0003790750568613,912,912,"[5, 5, 5, 4, 5, 3, 6]",0.0003790750568613,-1.0,912,-1
0.0003790750568613,913,913,"[7, 5, 5, 5, 2, 7, 6]",0.0003790750568613,-1.0,913,-1
0.0003790750568613,915,915,"[4, 5, 5, 5, 4, 5, 5]",0.0003790750568613,0.0003790750568613,915,1138
0.0003790750568613,916,916,"[6, 4, 5, 5, 4, 4, 5]",0.0003790750568613,-1.0,916,-1
0.0003790750568613,918,918,"[5, 7, 4, 7, 5, 4, 7]",0.0003790750568613,-1.0,918,-1
0.0003790750568613,921,921,"[6, 5, 5, 5, 4, 5, 3]",0.0003790750568613,-1.0,921,-1
0.0003790750568613,922,922,"[4, 7, 5, 7, 6, 5, 3]",0.0003790750568613,-1.0,922,-1
0.0003790750568613,926,926,"[6, 6, 5, 5, 8, 4, 5]",0.0003790750568613,0.0003790750568613,926,972
0.0003790750568613,927,927,"[5, 7, 5, 7, 5, 5, 6]",0.0003790750568613,-1.0,927,-1
0.0003790750568613,929,929,"[4, 6, 5, 5, 6, 9, 8]",0.0003790750568613,-1.0,929,-1
0.0003790750568613,931,931,"[8, 6, 5, 5, 5, 4, 5]",0.0003790750568613,-1.0,931,-1
0.0003790750568613,933,933,"[5, 8, 5, 7, 4, 6, 4]",0.0003790750568613,-1.0,933,-1
0.0003790750568613,935,935,"[8, 6, 5, 5, 5, 6, 8]",0.0003790750568613,-1.0,935,-1
0.0003790750568613,936,936,"[4, 9, 5, 7, 4, 3, 3]",0.0003790750568613,-1.0,936,-1
0.0003790750568613,940,940,"[3, 5, 6, 5, 4, 5, 4]",0.0003790750568613,-1.0,940,-1
0.0003790750568613,942,942,"[5, 8, 5, 6, 6, 4, 4]",0.0003790750568613,-1.0,942,-1
0.0003790750568613,943,943,"[5, 3, 5, 6, 6, 4, 3]",0.0003790750568613,-1.0,943,-1
0.0003790750568613,944,944,"[3, 7, 5, 6, 4, 5, 5]",0.0003790750568613,-1.0,944,-1
0.0003790750568613,946,946,"[4, 3, 5, 9, 4, 5, 5]",0.0003790750568613,-1.0,946,-1
0.0003790750568613,948,948,"[7, 6, 6, 5, 2, 5, 6]",0.0003790750568613,-1.0,948,-1
0.0003790750568613,949,949,"[7, 6, 5, 6, 9, 5, 6]",0.0003790750568613,-1.0,949,-1
0.0003790750568613,950,950,"[5, 4, 5, 7, 5, 4, 7]",0.0003790750568613,-1.0,950,-1
0.0003790750568613,952,952,"[7, 5, 4, 5, 1, 7, 5]",0.0003790750568613,-1.0,952,-1
0.0003790750568613,954,954,"[4, 3, 4, 7, 4, 6, 6]",0.0003790750568613,-1.0,954,-1
0.0003790750568613,955,955,"[8, 5, 4, 5, 5, 6, 6]",0.0003790750568613,0.0003790750568613,955,1053
0.0003790750568613,956,956,"[7, 5, 9, 7, 5, 5, 5]",0.0003790750568613,-1.0,956,-1
0.0003790750568613,957,957,"[4, 4, 5, 6, 5, 6, 4]",0.0003790750568613,-1.0,957,-1
0.0003790750568613,958,958,"[7, 5, 5, 4, 5, 4, 6]",0.0003790750568613,-1.0,958,-1
0.0003790750568613,960,960,"[4, 9, 5, 7, 3, 3, 4]",0.0003790750568613,-1.0,960,-1
0.0003790750568613,963,963,"[6, 5, 5, 6, 5, 5, 4]",0.0003790750568613,-1.0,963,-1
0.0003790750568613,964,964,"[4, 6, 5, 5, 7, 8, 7]",0.0003790750568613,-1.0,964,-1
0.0003790750568613,975,975,"[4, 6, 5, 5, 6, 4, 4]",0.0003790750568613,0.0003790750568613,975,1042
0.0003790750568613,980,980,"[3, 5, 5, 5, 4, 5, 6]",0.0003790750568613,-1.0,980,-1
0.0003790750568613,981,981,"[5, 5, 5, 4, 6, 7, 6]",0.0003790750568613,0.0003790750568613,981,1127
0.0003790750568613,982,982,"[5, 4, 5, 5, 6, 4, 4]",0.0003790750568613,-1.0,982,-1
0.0003790750568613,984,984,"[4, 4, 5, 4, 4, 2, 6]",0.0003790750568613,-1.0,984,-1
0.0003790750568613,985,985,"[5, 2, 4, 9, 6, 5, 6]",0.0003790750568613,-1.0,985,-1
0.0003790750568613,986,986,"[4, 9, 5, 8, 3, 2, 6]",0.0003790750568613,-1.0,986,-1
0.0003790750568613,987,987,"[3, 4, 5, 6, 4, 5, 6]",0.0003790750568613,-1.0,987,-1
0.0003790750568613,988,988,"[5, 6, 5, 5, 4, 9, 2]",0.0003790750568613,-1.0,988,-1
0.0003790750568613,989,989,"[5, 8, 5, 6, 5, 5, 2]",0.0003790750568613,-1.0,989,-1
0.0003790750568613,991,991,"[4, 6, 5, 5, 6, 7, 5]",0.0003790750568613,-1.0,991,-1
0.0003790750568613,992,992,"[4, 8, 5, 7, 6, 5, 9]",0.0003790750568613,-1.0,992,-1
0.0003790750568613,995,995,"[5, 5, 5, 8, 1, 7, 8]",0.0003790750568613,-1.0,995,-1
0.0003790750568613,999,999,"[6, 5, 5, 5, 9, 4, 5]",0.0003790750568613,-1.0,999,-1
0.0003790750568613,1001,1001,"[4, 8, 5, 7, 5, 4, 8]",0.0003790750568613,-1.0,1001,-1
0.0003790750568613,1003,1003,"[5, 5, 5, 5, 8, 4, 6]",0.0003790750568613,-1.0,1003,-1
0.0003790750568613,1005,1005,"[6, 5, 5, 5, 7, 6, 4]",0.0003790750568613,-1.0,1005,-1
0.0003790750568613,1007,1007,"[4, 6, 6, 5, 5, 8, 6]",0.0003790750568613,-1.0,1007,-1
0.0003790750568613,1008,1008,"[5, 6, 5, 5, 4, 5, 6]",0.0003790750568613,-1.0,1008,-1
0.0003790750568613,1012,1012,"[4, 8, 5, 7, 6, 5, 5]",0.0003790750568613,-1.0,1012,-1
0.0003790750568613,1016,1016,"[4, 3, 5, 8, 4, 4, 5]",0.0003790750568613,0.0003790750568613,1016,1081
0.0003790750568613,1020,1020,"[4, 9, 5, 7, 5, 6, 5]",0.0003790750568613,0.0003790750568613,1020,1093
0.0003790750568613,1021,1021,"[4, 9, 5, 7, 3, 5, 6]",0.0003790750568613,-1.0,1021,-1
0.0003790750568613,1024,1024,"[4, 5, 5, 4, 6, 6, 4]",0.0003790750568613,-1.0,1024,-1
0.0003790750568613,1026,1026,"[7, 6, 5, 5, 9, 6, 6]",0.0003790750568613,-1.0,1026,-1
0.0003790750568613,1028,1028,"[5, 4, 5, 5, 4, 4, 5]",0.0003790750568613,-1.0,1028,-1
0.0003790750568613,1029,1029,"[7, 6, 4, 6, 8, 6, 7]",0.0003790750568613,-1.0,1029,-1
0.0003790750568613,1034,1034,"[4, 5, 6, 5, 4, 5, 7]",0.0003790750568613,-1.0,1034,-1
0.0003790750568613,1035,1035,"[4, 9, 5, 7, 4, 2, 9]",0.0003790750568613,-1.0,1035,-1
0.0003790750568613,1038,1038,"[4, 5, 6, 5, 4, 6, 4]",0.0003790750568613,-1.0,1038,-1
0.0003790750568613,1039,1039,"[5, 8, 5, 7, 4, 5, 4]",0.0003790750568613,-1.0,1039,-1
0.0003790750568613,1045,1045,"[4, 5, 5, 4, 4, 4, 3]",0.0003790750568613,-1.0,1045,-1
0.0003790750568613,1046,1046,"[4, 6, 5, 5, 5, 5, 5]",0.0003790750568613,-1.0,1046,-1
0.0003790750568613,1052,1052,"[6, 3, 4, 7, 5, 4, 3]",0.0003790750568613,-1.0,1052,-1
0.0003790750568613,1057,1057,"[7, 5, 5, 6, 6, 7, 5]",0.0003790750568613,-1.0,1057,-1
0.0003790750568613,1062,1062,"[3, 5, 5, 5, 5, 8, 7]",0.0003790750568613,-1.0,1062,-1
0.0003790750568613,1063,1063,"[5, 5, 5, 5, 6, 8, 8]",0.0003790750568613,-1.0,1063,-1
0.0003790750568613,1066,1066,"[3, 5, 5, 5, 4, 6, 5]",0.0003790750568613,-1.0,1066,-1
0.0003790750568613,1068,1068,"[6, 6, 5, 5, 7, 4, 6]",0.0003790750568613,-1.0,1068,-1
0.0003790750568613,1071,1071,"[5, 5, 5, 6, 9, 6, 6]",0.0003790750568613,-1.0,1071,-1
0.0003790750568613,1073,1073,"[6, 5, 5, 5, 7, 4, 4]",0.0003790750568613,-1.0,1073,-1
0.0003790750568613,1074,1074,"[5, 5, 5, 4, 5, 7, 6]",0.0003790750568613,-1.0,1074,-1
0.0003790750568613,1076,1076,"[5, 4, 5, 7, 3, 5, 4]",0.0003790750568613,-1.0,1076,-1
0.0003790750568613,1078,1078,"[6, 5, 4, 4, 7, 4, 4]",0.0003790750568613,-1.0,1078,-1
0.0003790750568613,1079,1079,"[5, 8, 5, 7, 6, 4, 5]",0.0003790750568613,-1.0,1079,-1
0.0003790750568613,1080,1080,"[6, 5, 5, 5, 7, 4, 3]",0.0003790750568613,-1.0,1080,-1
0.0003790750568613,1082,1082,"[5, 3, 4, 7, 6, 5, 5]",0.0003790750568613,-1.0,1082,-1
0.0003790750568613,1083,1083,"[8, 5, 5, 5, 6, 7, 7]",0.0003790750568613,-1.0,1083,-1
0.0003790750568613,1085,1085,"[5, 4, 5, 7, 6, 5, 6]",0.0003790750568613,-1.0,1085,-1
0.0003790750568613,1086,1086,"[5, 8, 5, 7, 7, 6, 9]",0.0003790750568613,-1.0,1086,-1
0.0003790750568613,1091,1091,"[8, 6, 5, 5, 6, 6, 7]",0.0003790750568613,-1.0,1091,-1
0.0003790750568613,1094,1094,"[5, 5, 6, 5, 3, 4, 4]",0.0003790750568613,-1.0,1094,-1
0.0003790750568613,1097,1097,"[5, 5, 5, 6, 1, 6, 5]",0.0003790750568613,-1.0,1097,-1
0.0003790750568613,1098,1098,"[4, 4, 6, 5, 3, 3, 5]",0.0003790750568613,-1.0,1098,-1
0.0003790750568613,1100,1100,"[7, 5, 9, 6, 9, 5, 5]",0.0003790750568613,-1.0,1100,-1
0.0003790750568613,1101,1101,"[7, 5, 4, 5, 7, 5, 5]",0.0003790750568613,0.0003790750568613,1101,1119
0.0003790750568613,1103,1103,"[7, 5, 5, 4, 6, 6, 8]",0.0003790750568613,-1.0,1103,-1
0.0003790750568613,1107,1107,"[4, 7, 5, 6, 6, 4, 4]",0.0003790750568613,-1.0,1107,-1
0.0003790750568613,1108,1108,"[5, 7, 5, 5, 5, 6, 3]",0.0003790750568613,-1.0,1108,-1
0.0003790750568613,1112,1112,"[6, 5, 5, 6, 1, 5, 5]",0.0003790750568613,-1.0,1112,-1
0.0003790750568613,1114,1114,"[7, 5, 4, 5, 6, 6, 5]",0.0003790750568613,-1.0,1114,-1
0.0003790750568613,1117,1117,"[5, 4, 5, 6, 2, 6, 3]",0.0003790750568613,-1.0,1117,-1
0.0003790750568613,1118,1118,"[7, 6, 5, 5, 4, 6, 5]",0.0003790750568613,-1.0,1118,-1
0.0003790750568613,1123,1123,"[4, 7, 5, 5, 5, 6, 2]",0.0003790750568613,-1.0,1123,-1
0.0003790750568613,1125,1125,"[5, 8, 5, 7, 4, 1, 7]",0.0003790750568613,-1.0,1125,-1
0.0003790750568613,1128,1128,"[4, 8, 5, 7, 6, 3, 6]",0.0003790750568613,-1.0,1128,-1
0.0003790750568613,1129,1129,"[4, 3, 5, 7, 5, 6, 4]",0.0003790750568613,-1.0,1129,-1
0.0003790750568613,1131,1131,"[6, 5, 4, 5, 8, 5, 5]",0.0003790750568613,-1.0,1131,-1
0.0003790750568613,1132,1132,"[5, 3, 5, 7, 4, 6, 5]",0.0003790750568613,-1.0,1132,-1
0.0003790750568613,1134,1134,"[7, 5, 5, 5, 3, 4, 6]",0.0003790750568613,-1.0,1134,-1
0.0003790750568613,1137,1137,"[4, 4, 5, 5, 5, 4, 4]",0.0003790750568613,-1.0,1137,-1
0.0003790750568613,1139,1139,"[4, 3, 5, 7, 6, 5, 5]",0.0003790750568613,-1.0,1139,-1
0.0003790750568613,1141,1141,"[7, 5, 4, 4, 4, 4, 6]",0.0003790750568613,-1.0,1141,-1
0.0003790750568613,1142,1142,"[4, 3, 5, 8, 7, 6, 7]",0.0003790750568613,-1.0,1142,-1
0.0003790750568613,1143,1143,"[5, 5, 5, 8, 2, 4, 6]",0.0003790750568613,-1.0,1143,-1
0.0003790750568613,1144,1144,"[7, 5, 5, 5, 2, 7, 4]",0.0003790750568613,-1.0,1144,-1
0.0003790750568613,1145,1145,"[4, 4, 5, 7, 5, 5, 5]",0.0003790750568613,-1.0,1145,-1
